{
    "test_accuracy": 0.9521739130434783,
    "classification_report": {
        "0": {
            "precision": 0.8904109589041096,
            "recall": 0.9285714285714286,
            "f1-score": 0.9090909090909091,
            "support": 70.0
        },
        "1": {
            "precision": 0.9722222222222222,
            "recall": 0.8974358974358975,
            "f1-score": 0.9333333333333333,
            "support": 78.0
        },
        "2": {
            "precision": 0.8625,
            "recall": 0.9324324324324325,
            "f1-score": 0.8961038961038962,
            "support": 74.0
        },
        "3": {
            "precision": 0.9827586206896551,
            "recall": 1.0,
            "f1-score": 0.9913043478260869,
            "support": 57.0
        },
        "4": {
            "precision": 1.0,
            "recall": 1.0,
            "f1-score": 1.0,
            "support": 66.0
        },
        "5": {
            "precision": 0.9682539682539683,
            "recall": 1.0,
            "f1-score": 0.9838709677419354,
            "support": 61.0
        },
        "6": {
            "precision": 0.9836065573770492,
            "recall": 0.9836065573770492,
            "f1-score": 0.9836065573770492,
            "support": 61.0
        },
        "7": {
            "precision": 1.0,
            "recall": 1.0,
            "f1-score": 1.0,
            "support": 72.0
        },
        "8": {
            "precision": 0.8873239436619719,
            "recall": 0.8289473684210527,
            "f1-score": 0.8571428571428571,
            "support": 76.0
        },
        "9": {
            "precision": 1.0,
            "recall": 0.9866666666666667,
            "f1-score": 0.9932885906040269,
            "support": 75.0
        },
        "accuracy": 0.9521739130434783,
        "macro avg": {
            "precision": 0.9547076271108976,
            "recall": 0.9557660350904527,
            "f1-score": 0.9547741459220095,
            "support": 690.0
        },
        "weighted avg": {
            "precision": 0.9529050052430916,
            "recall": 0.9521739130434783,
            "f1-score": 0.9520406235428349,
            "support": 690.0
        }
    },
    "train_accuracy": 0.9726708074534162,
    "training_time_seconds": 0.07509016990661621
}